,precision,recall,f1-score,support
0,0.9494219653179191,0.9954545454545455,0.9718934911242604,660.0
1,0.9862385321100917,0.86,0.9188034188034188,250.0
accuracy,0.9582417582417583,0.9582417582417583,0.9582417582417583,0.9582417582417583
macro avg,0.9678302487140054,0.9277272727272727,0.9453484549638396,910.0
weighted avg,0.9595364067443403,0.9582417582417583,0.9573083064207325,910.0
